user,funding_source,amount
50678,7961,221.8
50050,7959,5.3
52001,7959,67.39
54850,7959,62
50499,7959,200
50457,7958,33187.84
50791,7958,500
50463,7954,9953.05
39133,5936,100
39229,5936,90
8606,467,50
24200,467,50
33526,4787,95
36188,4787,75
28619,3685,8.29
16417,1586,100
59195,8266,230
37648,5164,26
34473,5164,14.82
18871,1904,10
50966,7274,6853.52
30538,3059,226.5
33407,3059,5.6
38656,3059,100
42254,3059,21.32
42968,3059,43.49
50971,3059,150
43220,1204,50
37393,4276,108.93
33464,4315,160.61
37196,4315,384.47
37345,4315,280.19
38366,4315,275
7357,4829,250
33564,4829,222.32
33565,4829,82.09
33567,4829,250.01
33568,4829,196.48
33570,4829,250
50027,4829,141.97
50378,4829,50
52351,4829,547.79
52749,4829,182.88
59321,4829,100
33843,4829,250.02
33844,4829,250
33943,4829,1300
33959,4829,150
12844,4829,974.49
32962,4829,1170.06
45976,4829,289.66
19004,4299,21
30614,3280,45
30684,3280,470
30685,3280,205
23180,2240,100
30796,2240,198.96
37820,2240,150
43586,2240,100
43588,2240,95.39
42098,2240,212.85
23177,2240,311.24
25594,2240,50
30797,2240,100.05
31139,2240,100
31156,2240,148.87
32127,2240,50
32306,2240,161.1
32636,2240,200
37875,2240,114.32
42083,2240,200
42088,2240,200
43986,2240,275
44878,2240,100
60512,2240,50
60547,2240,200
60857,2240,250
48143,2240,275
30142,4073,68.27
36901,4073,435.69
42675,6622,2.01
45177,6622,400
39405,3394,18
28056,3606,37.77
29769,3606,114.3
28574,3606,138.83
29649,3606,175
35178,3606,300
39794,3606,23.54
41101,3606,460
44526,3606,265.46
44527,3606,285.02
57686,3606,500
58615,3606,500
27455,1670,190.1
38801,1670,582.24
21939,1669,100
38985,1669,212.97
47496,1668,415
48338,1668,845
30138,1668,310
30139,1668,220
30140,1668,420
25422,3062,21.38
27530,3508,834.93
28485,3508,380
36849,3508,43
52005,3508,830
52009,3508,955
52022,3508,995
52068,3508,901
39065,5957,337.77
39081,5957,404.32
39319,5957,450
39574,5957,450
42403,5957,439.66
42405,5957,288.1
42406,5957,353.25
42407,5957,407.66
42412,5957,372.97
42449,5957,332.57
42517,5957,383.62
42564,5957,307.84
42800,5957,443.18
42815,5957,450
43430,5957,414.9
48029,5957,363.76
49181,5957,454.67
52174,5957,485.29
57505,5957,150
58598,5957,400
39311,5429,5000
37095,5429,8.65
19356,2506,250
19360,2506,6.26
19807,2506,250
20003,2506,75
20004,2506,84
19352,2506,21
19355,2506,50
52827,7887,500
52819,7873,32.77
52826,7873,500
52862,7873,500
52875,7872,152.17
52880,7872,8.98
18528,1749,25
16028,3924,69.34
50988,3924,262.59
48564,7522,2500
48565,7522,2500
48577,7522,600
51415,7522,999.99
51416,7522,2350
51679,7522,2075
51680,7522,950
51682,7522,600
54677,7764,308.3
32085,4515,10
35223,4515,10
36442,4515,10
27752,4075,45
27950,4075,321.65
28680,4075,40
29939,4075,30
29973,4075,21.75
33183,4075,50
35552,4075,60
36642,4075,60
40657,4075,40
43363,4075,35
54373,4075,40
24114,916,10
28683,3757,14.79
23886,3711,6.5
34216,812,157.93
49339,812,1437.56
39482,3268,25
39495,3268,25
39500,3268,25
40203,3268,25
47066,1263,15.7
52039,1263,189
40620,1263,250
35007,5918,250
46175,5918,250
46854,5918,250
47866,5918,250
48863,5918,200
55340,5918,250
54007,5918,250
54017,5918,250
54068,5918,250
54126,5918,250
54248,5918,250
54594,5918,250
54616,5918,250
54621,5918,250
34984,4653,199.18
34994,4653,230
45401,4653,430.41
49328,4653,250
45397,4653,352.26
45399,4653,250
45390,4653,193.04
48511,4653,250
48558,4653,250
48560,4653,246.15
18520,1167,151.18
18522,1167,756.98
39217,6000,630.97
39220,6000,348.81
39221,6000,1287.1
39222,6000,1094.78
39225,6000,357.14
39227,6000,998.97
39228,6000,1500
42366,6000,314.71
39115,5976,43.5
48540,5976,447.08
16383,189,500
36282,189,885.39
51921,189,600
34521,189,738.91
44507,189,423.62
53080,2780,163.71
43458,2761,411.19
23765,2760,125.76
41836,6901,33.2
44514,6901,100
44519,6901,82.82
44521,6901,85
33776,5018,250
50984,7068,150
50989,7068,150
50991,7068,417.64
25643,2923,300
39163,2923,400
25380,2922,16.44
25435,2922,1464.16
25438,2922,842.83
28693,2922,1264.74
32241,2922,375
35637,2922,2048.08
43687,2922,900
53286,2922,550
55731,2922,1714.27
57086,2922,1000
25369,2922,1747.9
26595,2922,0.97
32406,2922,1504.6
32488,2922,782.02
58746,2922,1000
25434,2922,387.91
32242,2922,1091.98
32287,2922,288.59
43691,2922,128.26
43770,2922,566.47
43779,2922,110
33923,2922,1906.42
43697,2922,1515.41
44782,2922,633.13
47035,2922,1581.06
52223,2922,1302.31
25223,2922,7731.56
24906,2291,139.77
25019,2291,910.19
27275,2291,664.39
27278,2291,471.01
27286,2291,139.71
27475,2291,620.17
27484,2291,540.44
27573,2291,375
29882,2291,524.15
33792,2291,429.39
33827,2291,582.17
38224,2291,863.96
38226,2291,441.02
38234,2291,465.14
38357,2291,385.77
38554,2291,445.91
41311,2291,759.38
44820,2291,400
48878,2291,357.19
49978,2291,179.76
51525,2291,156.12
53070,2291,263.23
58998,2291,400
18629,1868,0.22
39719,1412,352.79
52605,4562,70
23111,2530,35.17
49866,2530,30
49867,2530,195
8220,3799,309.06
17812,3799,598.74
29565,3799,93.82
31431,3799,109.07
44023,3799,199.04
44026,3799,124.6
48293,3799,323.2
50762,3799,250.34
52868,3799,500
39583,6441,700.19
16876,1638,1402.39
25378,2519,150
26295,748,1000
33036,748,1000
8084,703,73.73
8086,703,300
10233,703,300
18024,703,310
18322,703,300
18508,703,285
19386,703,300
19388,703,300
21523,703,300
23839,703,300
23840,703,300
23841,703,300
23842,703,300
23843,703,300
27073,703,280
27162,703,75
29622,703,275
35749,703,300
40387,703,300
40428,703,380
40507,703,320
40524,703,300
41419,703,300
44841,703,300
48075,703,300
10242,703,300
45960,703,300
45961,703,300
46289,703,300
46726,703,300
48228,703,300
54791,703,300
15919,492,145
17989,492,40
20644,492,90
30108,492,175
33044,492,260
33782,492,230
34507,492,135
35490,492,125
35833,492,150
36831,492,50
37328,492,150
40098,492,145.94
40355,492,120
42035,492,35
45730,492,101.09
46100,492,45
47842,492,150
47886,492,92.47
51644,492,140
53916,492,150
7920,491,449.74
33804,5280,150
33862,5280,224
34402,5280,150
34409,5280,150
55633,5280,114.62
29181,3835,263
29328,3835,150
33761,3835,205.41
33781,3835,150
43251,3835,294.88
21303,704,125
32181,704,50
34229,704,10
34235,704,150
34305,704,535
39689,704,25
46722,704,10
16589,704,193.91
52820,704,473.94
10751,704,50
18369,704,60
20650,704,75
33125,704,120
34233,704,440
34234,704,525
34248,704,50
38784,704,10
28586,3550,6.5
51855,3550,500
47224,7374,4214.37
52659,7372,100
46766,7369,3296.18
30412,3866,1571.61
30714,3866,1794.1
32399,3866,1844.42
48956,3866,800
26115,3205,191.74
28220,3205,20
30723,3205,1473.68
35392,3205,500
43542,6325,200
43618,6325,90
43620,6325,200
43589,6325,100
43593,6325,27.12
43619,6325,100
43617,6325,100
29599,3914,1397.45
29600,3914,477.31
29696,3914,629.97
35738,3914,494.65
46993,3914,500
52121,3914,600
33885,3914,500
35746,3914,635.2
39567,3914,594.95
42711,3914,452.38
53826,3914,500
29471,3914,1701.81
30939,3914,296.22
41621,3914,500
42642,3914,800
34812,5142,56.93
36162,5142,427
36639,5142,200
40371,5142,1383.98
38189,5142,1000
38213,5142,1000
38238,5142,1000
38894,5142,817.45
38901,5142,1000
38922,5142,1000
38976,5142,1000
39083,5142,1006.14
42943,5142,63
44117,5142,4.61
44790,5142,174.85
44796,5142,63
40859,5382,148.68
51940,5382,265.93
29700,2758,4.94
32561,239,5.46
21177,2640,202.69
54390,1075,30.56
30424,4212,133.5
30704,4212,5
31475,4212,225.43
30469,4212,250
21510,2318,10
30004,4473,177.08
24856,2756,200
39321,2756,215.24
57135,2756,100
26727,2755,200
27571,2755,100
27640,2755,300
26144,3447,318.8
48828,3447,796.81
52501,3447,110
42392,2784,1590.96
18272,2659,287.83
11813,861,102.85
12613,861,287.85
14568,861,287.85
47586,7060,13
44036,6560,259.78
44009,6560,229.92
44012,6560,239.41
32420,5492,3
26740,5061,150
26755,5061,175
30003,5061,29.18
37769,5061,506.55
10583,1005,1820
41962,6507,330.26
41993,6507,29.66
42032,6507,143.49
42078,6507,23.64
42229,6507,204.11
36411,5266,5000
37500,5260,1095
43502,6328,107.24
33891,1159,275
39855,1499,10068.79
39152,6366,612.72
40641,6366,800
40771,6366,800
42786,6366,600
46150,6366,740
27012,3398,100
27018,3398,92
36713,3398,161.7
41345,3398,145.88
52789,3398,100
52794,3398,100
25382,3067,140.67
42865,3067,5000
34927,3067,150
41367,3067,138.6
52786,3067,100
42371,3556,296.06
28429,3556,461.02
29227,3556,650
29228,3556,205
34597,5019,492.34
35638,5019,140.02
37684,5019,695.43
39286,5019,211.77
39916,5019,100
39917,5019,22.03
54265,5019,478.17
30564,4097,594.59
38876,4097,1630.29
38952,4097,1706.96
54445,4097,2108.12
36867,4045,193.93
13533,1505,102.57
55809,8511,50
55790,8435,150
55793,8435,149.97
55796,8435,150
55799,8435,150
55801,8435,50
55952,8435,150
55929,8434,150
55932,8434,150
55933,8434,150
55949,8434,150
55950,8434,150
55955,8434,150
56093,8434,150
59185,8434,150
55942,8291,150
55943,8291,150
55944,8291,150
55946,8291,150
59239,8291,150
36581,5449,150.94
37473,5449,520
36460,5449,478.5
40358,7499,420
37900,6007,667.68
34776,5440,812.85
34780,5390,794.74
34802,5310,327.76
53121,5067,1030.87
41999,6561,40
42001,6525,268
40534,6324,115
29986,5556,2415.41
43540,4262,500
50264,4262,160
53710,4262,275
29726,3933,127.45
35534,3933,75
50221,3933,165
49031,3933,115
37682,5460,100
37705,5460,50
37720,5460,90
38712,5460,90
41365,5460,53.05
42115,5460,250
57195,8565,600
57197,8565,600
57215,8565,500
34541,8319,502.46
34553,8319,508.2
34590,8319,502.15
34635,8319,466.89
37330,8319,507.24
40458,8319,500.97
41667,8319,500
41697,8319,499.72
46180,8319,500
42570,8319,1062.74
46181,7713,464.72
49392,7742,108.78
49951,7742,300.08
49954,7742,205
49958,7742,165
49960,7742,203.48
50104,7742,255
50248,7742,252.51
54820,7742,148.84
39894,6162,100.66
40313,6162,58.13
41483,6162,55
44517,6162,150
44551,6162,50
41464,6162,28.96
49552,6162,120
20362,4443,20.5
20391,4443,82.23
20400,4443,151.03
20405,4443,67.28
20412,4443,79.89
20425,4443,61.78
20574,4443,102.86
20592,4443,96.03
20620,4443,100
21184,4443,142.96
27988,4443,100
28388,4443,120
33080,4443,150
41868,4443,61.21
42056,4443,90
43018,4443,50
47334,4443,100
48728,4443,100
55269,4443,100
58774,4443,80
29673,4023,336
29674,4023,2904.88
29676,4023,2325.56
37831,4023,1017.41
38217,4023,780.02
38308,4023,1394.5
46737,4023,1810.55
28637,3399,1000
28685,3399,290.48
28715,3399,1000
27779,3211,1245
27190,3211,1537.22
28717,3124,250
28720,3124,250
28723,3124,250
28727,3124,250
28734,3124,250
28736,3124,250
28747,3124,250
28774,3124,250
28941,3124,250
28946,3124,250
28968,3124,250
28995,3124,250
29242,3124,250
45867,7171,500
44748,1520,400
50995,1520,400
15665,1421,500
47678,1408,750
55648,5732,500
50668,5732,62.39
28883,3742,284.05
39382,3717,82.73
30416,4128,23.68
18266,1831,491.73
55537,1831,260
16734,702,600
37210,702,183
38704,702,505
54237,702,15
11139,702,395
29668,702,100
43838,702,5
44041,702,254.25
20563,702,60
54899,702,590
24266,6929,38.31
24299,6929,847.15
23065,991,2176.7
15344,991,70
8498,991,50
22656,991,50
8141,380,879.75
41357,380,8.17
49513,380,118.76
54554,380,500
41318,380,300
25534,7157,32.6
25647,3129,88.58
29563,3063,0.02
33780,5114,400
53675,5114,300
57443,5114,387.17
39096,5971,57.27
39612,5971,250
39613,5971,175
40011,5971,165
40294,5971,317.76
47822,7466,4521.94
50797,7466,500
55713,7466,500
55725,7466,500
48147,7466,949.92
48175,7466,854.89
48433,7466,843.33
21037,5257,18
24378,2843,75
40359,2843,1125
43030,5092,441.68
43031,5092,681.57
43032,5092,500
43033,5092,661.88
43075,5092,500
43076,5092,568.65
43398,5092,476.97
33370,4723,800.4
33371,4723,1177.93
33373,4723,1166.39
33376,4723,431.07
33447,4723,325
33452,4723,1203.37
33454,4723,1500
33456,4723,1411.5
33457,4723,1500
33463,4723,1277.32
42285,4723,500
44513,4723,1039.33
52572,4723,500
46918,5541,9966.19
39391,3936,5.57
30479,3935,138.38
16583,3169,389.28
32376,8116,100
32411,8116,100
36495,8116,170
36499,8116,100
36501,8116,300
42981,8116,250
44321,8116,400
45478,8116,100
46127,8116,170
46128,8116,70
46130,8116,320
46785,8116,200
54486,8116,400
54498,8116,110
21610,2348,0.26
8446,6215,339
11825,6215,716.91
13368,6215,1513.17
14129,6215,440.57
19888,6215,297.57
27986,6215,1368.16
28825,6215,409.13
46712,6215,300
55490,6215,450
46308,925,445
46662,925,465
46663,925,250
46870,925,500
51144,925,500
53875,925,500
11520,551,512.57
49045,551,230.12
51461,551,979.86
31002,551,716.2
31008,551,380
31045,551,655
39720,551,518.2
39733,551,422.49
42050,551,511.2
56968,551,500
56970,551,500
12561,551,80
18108,551,600
18114,551,510
35135,551,505
35137,551,510
39670,551,500
40028,551,785
45545,551,500
46824,551,670
49545,551,490
51320,551,375
51378,551,390
46866,551,485
51171,551,490
35214,5253,610.13
35339,5253,315.04
38109,5253,353.41
37995,5253,256.1
37996,5253,350
37998,5253,350
37999,5253,1084.91
38000,5253,265.98
38002,5253,315
38004,5253,31.3
38007,5253,175
38009,5253,92.05
38016,5253,265
38017,5253,325
38020,5253,143.05
38043,5253,285.8
38064,5253,104.1
38116,5253,167.7
38119,5253,495.85
38233,5253,259.1
39019,5253,500
40073,5253,200
42147,5253,210
47423,5253,525
41002,5253,100
38160,5794,35
38916,5930,24
39747,5930,25
10484,753,107.77
10485,753,392.8
10498,753,269.68
10504,753,401.47
10505,753,150
10537,753,241.78
14780,753,2958.46
44079,753,85
53711,7219,2000
45715,5802,100
45716,5802,400
30766,5801,763.42
30116,4052,0.05
29538,3913,20
39211,4588,452.34
47550,4588,103.9
37568,1583,235
49226,1583,100
49264,1583,100
49421,1583,100
51436,1583,40
51605,1583,50
17296,1583,69.25
53142,1583,29.96
28275,3642,50
20724,2173,218
52207,8323,400
46187,7197,200
52888,7197,200
46188,7196,93.02
44838,7025,313.49
21382,2286,1764.56
18795,3918,50.49
37161,4842,366.14
41577,4842,500
41598,4842,429.57
41641,4842,500
43239,4842,4754.64
50395,4842,480
51323,4842,425
51450,4842,490
54596,4842,322.68
54671,4842,184.37
54923,4842,244.61
55149,4842,973.88
55329,4842,316.92
55284,4842,500
55285,4842,500
55565,4842,21.5
30099,3840,615
39023,3840,650
28040,1859,2453.47
28184,1859,500
36382,1859,701.46
37363,1859,240
44224,1859,1470
9587,636,5
45957,7014,320
45962,7014,260
24477,2847,16.9
24847,2847,200
36435,2847,200
36474,2847,200
35819,2847,0.07
42271,2847,314.98
45363,4974,300
33344,4283,397.46
41468,4283,125
33024,3766,0.01
33101,3766,200
40870,3766,1000
51279,3766,200
20085,3291,436.61
25960,3291,684.81
26494,3291,494.4
43488,3291,662.67
54538,3291,200
19052,3291,125
15897,6038,471
3893,733,200
30000,2377,2.23
30006,2377,186.03
30007,2377,175
30008,2377,62.08
30171,2377,135
21784,2377,779.89
29412,2377,158.82
30815,2377,116.87
39503,5222,18
43145,7311,75
46961,7311,75
14812,1304,870.03
20496,1304,330
28268,1304,525
51569,1304,400
32717,1304,790
47376,1304,240
51830,1304,127.52
52448,1304,240
29248,1070,5
41848,6496,100
41851,6496,100
41852,6496,100.01
41859,6496,100
40460,6327,30.56
26101,7165,175
26121,7165,175
26260,7165,75
26261,7165,200
26516,7165,200
26521,7165,200
26533,7165,200
26539,7165,200
26540,7165,200
26541,7165,200
26546,7165,200
26555,7165,200
26569,7165,200
26577,7165,200
26578,7165,175
26579,7165,100
26580,7165,200
26598,7165,200
26600,7165,8.55
26611,7165,23.31
26614,7165,200.01
26625,7165,200
26659,7165,200
29067,7165,6.05
29105,7165,5.68
29127,7165,200
29141,7165,70
29142,7165,127.1
29144,7165,200
32433,7165,200
32434,7165,200
32435,7165,50
32436,7165,70
32437,7165,125
32438,7165,4.54
32439,7165,200
32440,7165,60
32443,7165,75
32446,7165,200
32447,7165,200
32451,7165,199.99
32453,7165,200
32456,7165,100
32459,7165,199.99
32460,7165,100
32464,7165,97.94
32467,7165,100
32475,7165,148.9
32480,7165,200
33322,7165,55.49
33490,7165,100.85
33924,7165,200
33926,7165,70
34404,7165,200
34704,7165,200
34831,7165,175
35796,7165,200
36692,7165,100
36700,7165,160
41268,7165,200
47021,7165,200
47022,7165,200
47028,7165,200
47030,7165,150
47031,7165,200
47032,7165,200
47034,7165,60
47063,7165,200
47086,7165,200
47087,7165,225
47113,7165,200
48817,7165,175
49020,7165,100
53581,7165,100
25925,3486,40
27598,3386,20
26884,3233,125
29479,3233,100
45217,3233,250
36878,5567,250
35569,5298,2830.09
28859,4177,495
29266,4177,115.25
14009,1613,331.37
14007,1366,12.89
43203,6686,1000
43214,6686,1305
43341,6686,1236.7
43343,6686,945
43344,6686,1493.44
49370,6686,1269.36
53174,6686,500
53435,6686,500
43747,6686,500
43763,6686,466.6
43799,6686,806.09
43803,6686,490
43807,6686,500
53981,6686,2500
43819,6686,200
43825,6686,200
43830,6686,200
43844,6686,498.38
43719,6686,220
43762,6686,500
52720,6686,500
52772,6686,756.2
52775,6686,141
52813,6686,500
53107,6686,500
43412,6234,253.07
53838,6234,100
38587,5820,518
38806,5820,493
38829,5820,518
38856,5820,318
45783,5820,450
32371,5068,477.99
35946,5068,500
44248,5068,284.34
30733,4235,0.81
30894,4235,32
43859,6718,200
43924,6718,200
45669,6718,25
45817,6718,200
49348,6718,200
49374,6718,200
49375,6718,200
49376,6718,200
49379,6718,175
49380,6718,150
49388,6718,100
49479,6718,200
49480,6718,200
49770,6718,200
55646,6718,200
27325,3323,10
37884,6921,100
37887,6921,18
37890,6921,199.97
43600,6921,140.33
44822,6921,35.29
45043,6921,270
41116,6921,520.02
53030,6921,48.7
29505,3856,500
29541,3856,500
29542,3856,500
29545,3856,500
37155,3856,500
37370,3856,50
38532,3856,50
37777,3856,500
45174,3856,500
49284,3856,500
29548,2789,500
23268,2618,8.1
37115,4398,100
42100,4398,134
42101,4398,230.2
43758,4398,262.4
54000,4398,248.4
51407,1138,165
52355,1138,200
52362,1138,200
52388,1138,160
38163,5726,5995
38175,5653,150
40725,5653,238.24
40727,5653,750
40735,5653,100
40738,5653,392.26
40804,5653,134.54
40809,5653,377.32
53624,5653,100
40722,5653,80.88
40717,5653,125
40800,5653,150
40739,5653,533.51
29848,1528,10000
40987,6279,200.02
25859,2965,51.68
57487,2964,50
24766,2961,59.21
24768,2961,141.3
33198,2961,42.43
49462,2961,210
25879,2961,3850
34500,2961,200.02
37084,2961,116.27
37096,2961,0.02
38187,2961,0.02
40542,2961,200.02
40546,2961,200.06
40550,2961,150
40552,2961,200.01
40553,2961,200.01
40586,2961,190.89
40912,2961,100
41574,2961,7.41
41680,2961,27.29
43622,2961,139.8
45099,2961,200.02
51217,2961,160
51246,2961,200
51919,2961,200
54125,2961,200
54171,2961,190
54500,2961,200
55823,2961,200
37232,5385,193.03
37374,5385,304.06
37414,5385,500
37426,5385,500
37432,5385,478.95
38260,5385,500
38261,5385,500
38349,5385,500
38350,5385,43.56
38433,5385,100.81
38522,5385,804.1
39388,5385,500
43393,5385,500
44017,5385,500
53556,5385,474.41
54553,5385,990
33937,4564,305.23
33896,4564,386
33899,4564,490
33904,4564,485
33906,4564,490
39410,4564,524.14
40622,4564,274.33
48712,4564,490
48726,4564,445
48732,4564,345.65
49329,4564,250
50394,4564,500
54079,4564,465.8
38348,4564,500
52966,6917,450
49079,6917,955
41338,7431,144
43608,7320,2000
50843,7320,1500
52884,6034,100
13118,1065,195
13119,1065,185
13120,1065,171.83
13125,1065,135
12436,1065,75
16796,1065,195
17584,865,1
17597,865,1
17614,865,2
17641,865,3
17660,865,1
17708,865,2
17771,865,1
17697,865,5.5
44181,3217,710.1
44400,3217,574.21
49842,3217,267.87
26398,3217,1031.17
27274,3218,5
37132,3218,50
39953,6265,2.35
40268,6265,360
47155,7381,291.87
27528,3470,2.64
49474,3470,195.5
31605,1509,505
16036,1509,1050
16058,1509,1100
27776,1509,1000
36441,1509,1500
43997,6944,31.71
33421,4615,100
33711,4615,56.46
46119,4615,100
30316,3990,744.26
49327,3990,500
39958,6194,4275
23400,2685,309.48
54395,2685,620.21
14837,2684,537
14379,2681,253.35
22907,2681,5.76
27015,2681,700.05
35147,2681,100.98
44235,6527,1555.42
44281,6527,1700
44340,6527,1700
55807,6527,1500
59433,7811,2500
52763,7811,1000
24760,2958,494.27
24761,2958,138.24
57474,2958,500
29003,2803,500
29008,2803,127.6
29299,2803,386.56
29301,2803,152.86
29303,2803,207.48
53201,2803,414.09
53348,2803,378.52
10427,2803,730
18734,2683,300
23755,2683,1200
23806,2683,1250
25938,2683,1100
40805,2683,1250
45476,2683,863.77
53130,48,77.24
47480,6641,150
37314,5631,100
37355,5201,100
35111,4421,775.64
25319,3053,424.78
23797,2763,5
48664,7064,474.9
47782,4827,477.38
24609,4827,81.76
31430,4827,1115.69
17476,1734,712.91
41930,1734,355.77
12044,5968,279.67
5804,5968,1080.33
11398,5968,945.43
22104,5968,206.5
23776,5968,1326.88
31492,5968,1694
32629,5968,130
40329,5968,789.56
47073,5968,967.3
51986,5968,290.24
54208,5968,246.09
54209,5968,365.2
48317,5968,223.32
48328,5968,504.34
35105,5184,64.5
35122,5184,4.46
26572,2661,100.93
57453,2661,265
35404,5391,1185
44708,5269,300
44726,5269,300
45013,5269,289.98
28208,3999,21.43
29284,3999,19.32
30060,1135,737.17
24238,3102,10.11
34873,6551,50
26515,640,75.41
43923,640,100
50049,640,100
51968,640,52.63
52055,640,54
54480,640,100
56440,640,100
18874,1920,25
19033,1920,6529.41
23883,1920,1480.75
32726,2585,420.36
33637,2585,100
33695,2585,259.55
33940,2585,335
36485,2585,300
38165,2585,135
38166,2585,100
40758,2585,75
45950,2585,400
28116,2119,270
28117,2119,305
33642,2119,450
33646,2119,786.92
33871,2119,400
37050,2119,425
37083,2119,300
37085,2119,325
38084,2119,425
38090,2119,100
38121,2119,500
36591,2007,424.26
52468,2007,251.1
42994,2007,72
52795,7352,500
57524,7352,251.28
47978,7139,198.99
47981,7139,482.27
47991,7139,231.2
47992,7139,213.15
48001,7139,500
48116,7139,500
48229,7139,192.05
48230,7139,467.31
48236,7139,97.48
48251,7139,149.41
48284,7139,448.46
54713,7139,294.28
54714,7139,532.13
54733,7139,171.85
54735,7139,500
54746,7139,500.02
54781,7139,500
54784,7139,500
54804,7139,377.57
54805,7139,442.58
54903,7139,499.98
49184,7139,475.6
49186,7139,500
49686,7139,215.28
51684,7139,423.93
55678,7139,500
55680,7139,500
23614,2693,200
23621,2693,200
50075,8060,21.67
50212,8060,699.68
53785,8060,1359.66
53787,8060,806.12
17066,5325,177.89
17981,5325,166.14
21463,4209,10.96
16692,1610,174.69
18118,1610,638.26
27321,1610,85.73
27329,1610,1000
37466,1610,85
37626,1610,75
36102,5552,500
38992,5552,300
38993,5552,500
40306,5552,350
44142,5552,300
35927,5552,450
38893,5552,300
30395,4127,15
37899,5395,300
40999,5395,300
46793,5223,550
37127,5223,493.05
57329,5223,300
50559,5223,1075
50586,5223,1025
19450,591,500
21821,591,250
14579,590,250
19389,590,250
19426,590,433
11390,589,195
14573,588,250
23298,588,200
44126,6308,100
44128,6308,645
44130,6308,535
44156,6308,760
44169,6308,500
44170,6308,227.72
44175,6308,1000
44178,6308,1000
44225,6308,450
44698,6308,0.02
46041,6308,625
41107,6308,968
41114,6308,665
44153,6308,866.4
40057,6308,126.65
44443,6308,155.42
54774,6308,250
54823,6308,300.78
54857,6308,300
54971,6308,400
14102,1332,0.01
23543,1332,414
22909,1857,185
29780,320,0.01
30365,320,0.02
25018,4759,7.9
28523,4008,44.6
42760,6687,186.73
42839,6687,252.86
48277,6687,300
36286,5531,550
43900,5531,150
47001,6447,400
47002,6447,366.98
47008,6447,190
47047,6447,135
51809,6447,60
54413,6447,400
54715,6447,400
54716,6447,400
54724,6447,370
54794,6447,400
54795,6447,350
54824,6447,365
54885,6447,265
54886,6447,400
54887,6447,400
54888,6447,400
54891,6447,400
55038,6447,400
55581,6447,400
58800,6447,400
59364,6447,400
59480,6447,400
47048,6447,159.39
48912,6447,399.98
48938,6447,400
48939,6447,207.13
48941,6447,400
48942,6447,308.84
48958,6447,350.37
49054,6447,237.32
49055,6447,400
49546,6447,137.49
51692,6447,400
55374,6447,267.69
53905,6447,348.58
49346,6447,400
49347,6447,359.25
52467,6447,269.52
40938,5924,19.75
41117,5924,150
41118,5924,650.11
41122,5924,96.56
45381,5924,281.02
50479,5924,95
50782,5924,200
50783,5924,200
39392,5924,75.42
51056,7837,405.87
43059,6371,220
45265,6371,360
46118,6371,200
41109,6345,40.79
51801,6345,231.54
43599,6343,435.97
43601,6343,718.15
52065,6343,147.42
43112,6158,400
39845,5947,200
39900,5947,150
41455,5947,530
48568,5947,150
48570,5947,130
48572,5947,98.72
48991,5947,140
49024,5947,95
49422,5947,120
49461,5947,130
49615,5947,150
49856,5947,140
50833,5947,150
39796,5946,650
39837,5946,600
39840,5946,136
39766,5945,370
39767,5945,295.14
39780,5945,253.5
39800,5945,400
39846,5945,400
39876,5945,400
40436,5945,354.31
42908,5945,400
42912,5945,300
45148,5945,175
49036,5945,325
39283,5383,2030.05
49425,5383,935
45017,7038,83.5
46223,7038,0.01
46455,7038,0.74
45129,7038,250
45133,7038,36.61
45135,7038,141.47
45136,7038,104.24
45138,7038,23.99
45146,7038,184.19
48341,7038,72.99
48591,7038,0.05
48701,7038,250
55118,7038,50.99
56546,7038,218
50036,6330,200
20305,2046,297
54675,8406,50
41063,6295,912.61
41066,6295,2133
39119,5780,69.4
39578,5780,601.96
50735,5780,362
52591,7104,4797
52638,7104,4797
53064,7104,4797
52635,7104,4607
45794,7104,2398
52287,7104,525
52529,7104,2398
52531,7104,4247
40753,2337,50
21557,2339,141.4
22047,2339,300
22163,2339,38.13
25831,2339,100
55277,8507,100
45053,7116,910.52
6589,1712,159.06
7691,1712,384.02
9521,1712,884.24
34528,1712,418.86
34627,1712,899.49
47170,1712,86.19
47171,1712,170.01
54728,1712,90.23
54730,1712,70.01
54786,1712,436.02
54801,1712,62.59
55286,1712,158.1
47195,1712,228.11
45883,7164,10
39041,6020,139.2
21789,4635,1586
31911,4635,2000
44067,4635,1300
47039,4635,2362
47040,4635,1500
47041,4635,1000
47042,4635,1362
47044,4635,1362
48648,4635,1300
48755,4635,3224
51247,4635,1500
51625,4635,1500
53801,4635,1000
28187,1007,1132.07
16518,2021,75
57116,8185,100
20898,289,50
20911,289,50
36866,4320,140
25444,4709,37.67
47810,4709,464
14916,4709,100
21894,4709,100
23334,4709,100
12962,4709,20.38
14093,4709,200
49563,7679,500
49564,7679,500
49565,7679,500
49569,7679,500
49579,7679,500
39572,6086,125
39627,6086,1345
41124,6086,600
46284,6086,700
46945,6086,900
30986,1921,200
41380,6511,1123.83
42771,6511,210.62
42774,6511,223.87
25346,3045,25
26272,3045,250
30379,3045,500
27394,3429,4.11
30850,4603,29.17
31209,4603,205.55
35850,4603,50
44956,4603,154.44
46598,4603,233.38
46629,4603,200
47166,4603,198.1
50500,4603,77.81
41064,4243,258.12
43375,4243,6.02
30730,4199,59.14
26814,3326,488.62
28573,3326,136.97
41019,7417,100
25044,6266,200
43307,6266,200
17673,3551,34.5
34316,4946,2636.37
40295,4946,1768.87
3885,11,2150
43514,2077,250.46
32541,2077,93.1
33716,2077,200
47693,2077,200
47700,2077,200
45955,1814,1193.84
26062,3226,15
22041,2374,100
22268,2374,100
22355,2374,85
22374,2374,100
22637,2374,40
22684,2374,100
25059,2374,85
25551,2374,100
25553,2374,100
25677,2374,100
22667,2374,65
27224,2374,75
28687,2374,50
28690,2374,50
28707,2374,25
40813,2374,60
41710,2374,40
43555,2374,30
43558,2374,75
45037,2374,65
45039,2374,75
47941,2374,55
22655,2374,100.56
24129,2374,107.93
28688,2374,260
25058,2374,25
46844,2374,415
50271,2374,228.22
30472,8431,200
30473,8431,205
30474,8431,200.51
30478,8431,207.98
30490,8431,200
30498,8431,193.48
30499,8431,200
30502,8431,185
30841,8431,150
31635,8431,200
31636,8431,70
31653,8431,200
31863,8431,200.02
32348,8431,153.78
32638,8431,190
33668,8431,200
45437,8431,206.51
47815,8431,200
47925,8431,200
52318,8431,200
28068,8431,1432.26
51069,8431,310
52634,8431,173.75
47880,8431,200.02
47881,8431,200
47883,8431,200
47885,8431,200
47887,8431,300.19
47888,8431,200
47889,8431,200.05
47892,8431,200
47893,8431,150
47896,8431,200
47902,8431,199.95
47915,8431,200
47933,8431,200
47935,8431,299.99
48004,8431,225
48019,8431,200
48022,8431,200.02
48322,8431,200
48323,8431,198.06
48329,8431,200
48603,8431,200.21
48616,8431,200
49441,8431,400.66
50377,8431,200
51096,8431,200
51466,8431,200
30814,8431,150
32545,8431,150
39725,8431,114.96
39726,8431,149.98
39727,8431,150.03
45400,8431,150
46878,8431,140
49132,8431,150
51424,8431,231.85
51630,8431,145
44218,7076,0.7
4582,47,1363.55
4762,47,33.74
53670,6202,100
55397,6202,350
55398,6202,350
56036,6202,350
56037,6202,350
56042,6202,350
56054,6202,350
56056,6202,350
56064,6202,350
56087,6202,350
56184,6202,350
56229,6202,350
56271,6202,350
56565,6202,350
56039,6202,350
56040,6202,350
56041,6202,350
56169,6202,350
56175,6202,350
56214,6202,350
55399,6202,524.45
32011,4298,200
32599,4298,105
32607,4298,160
49656,4298,190
54337,4298,200
36966,1072,2600
46524,967,100
46526,967,100
29701,350,195.34
30127,350,6300
34683,350,993.21
49260,350,250
21587,3297,382
43152,1863,3311.52
55163,8458,800
55562,8458,300
23175,2223,193.49
52392,2223,344
22507,2223,200
22527,2223,199.97
32478,2223,200
42480,2223,445.96
42602,2223,285
42510,2223,120.55
52354,2223,200
43567,2223,240
52397,2223,205
26176,3207,320
26179,3207,350
26182,3207,350
25048,3035,100
22524,2485,20
41763,2485,0.04
41804,2485,0.03
32048,1907,200
52460,1907,550
37649,5696,500
17917,1773,0.84
29000,8503,90
31643,8503,90
40561,8279,3800.92
36053,8259,10
43021,8259,4000
30425,1992,985.89
34936,1992,30.9
38061,1992,19.32
40356,653,900
43172,653,470
44282,653,307.76
47033,653,520
8108,653,500
20189,653,480
23692,653,500
26836,653,375
41212,653,241.82
42350,653,500.03
45690,653,500
9925,653,500
8433,302,455
11488,302,500
10712,302,500.05
30599,302,500.03
34342,302,0.05
47518,302,400
37922,302,0.02
25065,2985,175.62
27168,2985,165.62
37098,2985,125.68
49201,2985,175.62
50348,2985,175.62
52323,2985,175.62
52432,2985,175.62
25070,2985,175.62
25076,2985,175.62
25120,2985,175.62
27131,2985,175.62
40053,2985,175.59
45653,2985,185.59
45236,7077,250
40784,6254,471.47
45238,6254,450
49220,6254,200
40210,5772,171.19
40251,5772,546.19
40262,5772,324.98
40765,5772,243.41
48142,5772,200
48149,5772,200
35204,5215,578.92
11466,868,255.2
18706,1845,0.6
55231,7525,373.48
38678,2388,150
57372,1509,972.75
43801,8741,5
44058,8741,5
41243,7242,375
42308,7242,350
48102,7242,285.86
45657,7126,525
43538,6710,25
41496,4310,260.17
41532,4310,468.93
41535,4310,250
41536,4310,60
41539,4310,157.95
41565,4310,303.33
41670,4310,233.65
43359,4310,62.81
44331,4310,215
44604,4310,80.25
46457,4310,225
49193,4310,25
51044,4310,270
55032,4310,175
55041,4310,100
52361,4310,1833.43
54276,3247,44.42
23612,2765,4172.64
27765,2765,50
48882,7461,2.01
55201,7461,50
27360,7801,100
45830,7154,89.56
25069,3015,69.84
51703,6824,1750
18044,1790,527.79
23461,1790,450
51385,1790,100
31858,5118,300
32762,5118,600
32787,5118,600
32788,5118,600
30813,4578,500
30891,4578,195.53
38926,5869,73.06
38530,5869,5429.93
44588,5869,500
28205,3631,585
28207,3631,110
21272,1200,200
28621,1200,100
42831,1200,100
44465,1200,100
45159,1200,100
47083,1200,0.04
28087,3612,10
28089,3612,1787.29
3843,10,260
42450,6618,1900
42654,6618,1980
42666,6618,1960
42656,6582,38389.94
28644,3736,750.23
28646,3736,100
27941,3730,9196.18
28665,3730,121.39
32662,3728,1860.67
28662,3727,15
29926,3590,740
30185,3590,694.33
34814,3590,10.21
38392,3590,700
49283,3590,431.62
51439,3590,400
53884,3590,400
28998,3511,511.54
32108,3511,415.72
35695,3511,134.75
34374,4960,1.32
49583,7143,500
50396,7143,500
50405,7143,500
50440,7143,500
50452,7143,500
50454,7143,500
50493,7143,450
49608,7143,500
51150,7143,340
51153,7143,500
51156,7143,500
51161,7143,500
51168,7143,500
51232,7143,500
49551,7143,450
52208,7143,500
52451,7143,500
52473,7143,255.57
52474,7143,500
52588,7143,500
45220,6587,354.38
49494,6587,633.09
44462,6587,500
48811,6587,500.01
50921,6587,500
36967,5572,82.86
36782,6231,207.17
36792,6231,180
36794,6231,179.76
36795,6231,200
36796,6231,170.36
36854,6231,150
44552,6231,196.77
39636,6231,175
40378,6231,70
42560,6231,85
44503,6231,180
45358,6231,160
45829,6231,90.04
49704,6231,5
54809,6231,100
36589,6231,90.89
36592,6231,200
36593,6231,179.96
36627,6231,180
38793,6231,200
43320,6231,200
45441,6231,196.78
46086,6231,200
36250,6231,135
39724,6117,204.5
39736,6117,100
39737,6117,198.85
39756,6117,198.97
39816,6117,200
39875,6117,200
39921,6117,136.85
41137,6117,110.01
41256,6117,150
41729,6117,100
42572,6117,110
42713,6117,65.02
53028,6117,160
53029,6117,200
53942,6117,100
53945,6117,16
39741,6117,200
39759,6117,100
40059,6117,195
44216,6117,5.39
47138,6117,79.67
47180,6117,29.19
47928,6117,200
47972,6117,201.18
54763,6117,6.33
36242,5591,2974.41
38078,5591,180
38124,5591,200
35677,5408,0.69
25246,4669,65
27431,4665,25
30769,4665,65
42077,5441,50
39484,5441,105.24
39601,5441,50
40465,5441,80
40474,5441,125
40512,5441,150
38403,5441,156.05
38540,5441,44.17
40146,6612,982
40450,5412,5000
40455,5412,82
27995,3611,40
46937,3611,300
40206,6238,56
44155,6238,1.92
32046,4481,36
14486,1102,330.22
14487,1102,455.26
14557,1102,88.64
15253,1102,75
40762,1102,100
41581,1102,100
14485,1102,0.03
14514,1102,200.04
14715,1102,0.02
14758,1102,0.08
41743,1102,0.02
41762,1102,99.95
40142,811,372.12
49987,7003,259.62
57035,7003,400
50470,7898,300
51590,7898,300
54721,7898,300
56977,7898,300
35503,5305,13.05
35612,5305,40
36772,5305,690.03
36888,5305,465
37490,5305,790
37846,5305,310
36089,5305,725.02
36703,5305,780.02
36720,5305,800
37700,5305,400
37750,5305,440
43522,6373,200
35453,5204,0.8
34969,5148,51.62
28240,5727,57.87
28412,3637,5
40302,6282,202.4
47802,6282,1.57
43485,912,100
43869,912,100
44042,912,100
45216,912,100
46950,912,105
46951,912,100
49217,912,73.25
50393,912,100
52374,912,100
8070,371,172.85
9189,371,13
45379,4638,914.11
45409,4638,852.18
33762,4638,925
45795,4638,1000
45874,4638,2425
49236,4638,1750
50023,4638,500
21999,2500,100
54476,7882,6685.15
25969,2451,5500
29121,2451,475
29425,2451,830
30995,2451,177.28
30996,2451,575
37300,2451,2014.78
40137,2451,1400
42320,2451,1000
42741,2451,630
44370,2451,500
38169,2451,15
39600,6120,205.32
29329,1958,390.24
59587,7272,300
44564,6970,115.23
35469,5281,129.29
36350,5281,76.5
46780,5267,25.98
28783,3762,388
30509,3762,100
30515,3762,400
31183,3762,85
27245,3405,0.94
23504,2432,6.75
35267,2432,18
49313,7600,300
50596,7600,300
50597,7600,300
50598,7600,300
50599,7600,290
50631,7600,300
50632,7600,300
50634,7600,300
50645,7600,300
50646,7600,300
50600,7600,200
50695,7600,300
24880,2976,30.89
30072,4063,144.12
24820,4290,130
50442,4290,40
50819,4290,40
42982,6669,250
42983,6669,250
42985,6669,250
42987,6669,340
47418,6669,290
47431,6669,310
43175,6669,285
42880,6669,245
42883,6669,245
43266,6669,245
42875,6412,245
43402,6412,171.19
48699,6412,399.86
49109,7487,150
49154,7487,200
49396,7487,250
48982,7487,667.96
32073,4003,90
33318,4003,105
29888,4003,63.49
34720,4003,78.2
39889,4464,14983.98
40191,6270,50
27090,3341,159.67
42372,3341,100
43440,3341,145
27185,3430,157
17895,1769,14.07
18280,1769,1.71
46970,7302,105
47004,7302,160
43171,6673,20
43173,6673,45
43185,6673,70
43188,6673,85
43202,6673,60
43826,6673,65
40583,6789,5
42966,3744,90.07
53667,3744,200
46667,7301,500
46743,7301,375
48379,7301,500
46804,7301,450
48208,7476,435
48253,7476,495
38468,4087,1719.7
30158,4112,0.02
30396,4112,0.01
30821,4112,0.02
31010,4112,0.02
30110,4108,0.04
30124,4108,0.02
30191,4108,0.02
38552,3908,34.68
39284,2730,140.26
25028,2721,12.97
39025,2721,1560.36
18269,1942,3035.08
51034,5470,200
39338,5866,52.58
39339,5866,45
55174,8371,300
55176,8371,300
55186,8371,290
55635,8371,280
55656,8371,280
55177,8371,300
55180,8371,270
55218,8371,300
55636,8371,181
39785,6137,22.07
5810,1746,100
21283,1746,300
25060,1746,28.02
22398,2458,40
32168,4624,40
53814,8248,250
50006,7825,8.16
54353,7825,1000
35653,4541,35
27783,5458,3.08
28768,5458,965
44420,5458,200
54308,5458,200
17432,1683,84.86
35764,1683,182.9
38705,1683,379
39009,1683,6.59
41585,1683,210.36
38572,68,28.63
50035,7625,83.08
51575,7625,575
40989,6767,30
40237,6261,90
46453,6261,54.81
41023,6005,450
41045,6005,490
41048,6005,490
41076,6005,500
41069,6005,500
41865,6005,605.91
42161,6005,500
53137,7911,330.04
47778,7410,409.13
47868,7410,330
47870,7410,310
47872,7410,298.1
47875,7410,210
49025,7410,255.05
49215,7410,250
52050,7410,202.5
52052,7410,200
52053,7410,200
52054,7410,200
52683,7410,45
52919,7410,200
52921,7410,20
52922,7410,240
53740,7410,100
55335,7410,200
55474,7410,100
31223,4521,24.45
30512,4131,50.05
29641,3932,190.34
39394,6029,1375
39429,6029,1380
42575,6029,1350
42576,6029,1225
39408,5903,300
48915,5702,430
25455,3383,26.95
51498,7365,9
37133,5594,100
38198,5594,100
38218,5594,100
38219,5594,100
38891,5594,100
46974,6974,250
47519,6974,250
55047,6974,500
55051,6974,500
55106,6974,495
41234,6449,300
28593,4448,39.19
28790,4448,45
50901,6205,100
43063,6205,100
43136,6205,100
43102,6205,100
49258,6205,100
26883,3320,2000
27024,3320,2350
42834,3320,51700.38
42848,3320,19797.95
50683,3320,17332.25
26613,3285,250
26921,3285,250
26879,3285,1549.8
15795,3347,1194.75
16113,3347,226.32
17699,3347,470.66
15509,33,0.01
49522,33,2000
18217,1858,3319.89
26410,3044,70
22101,2428,145
22215,2428,200
25429,2527,69.5
25488,2527,72.08
25501,2527,55.44
25617,2527,92.72
34063,2527,147.61
37088,2527,291.04
37089,2527,217.07
40116,2527,136.8
49858,2527,169.96
49859,2527,168.6
50101,2527,300
12124,976,280.08
23387,2664,351.6
30133,2664,500
30029,2664,24.96
38150,2664,240
49244,2664,135.81
30048,2664,25
36851,2664,465
36871,2664,325
47860,2664,1000
45434,6939,359.95
45435,6939,329.97
45440,6939,390
45442,6939,400
45445,6939,200
45452,6939,179.97
45702,6939,750
48111,6939,180
53654,6939,500
53674,6939,495.03
47140,6939,200
45438,6939,400
45594,6939,200
48908,7213,200
11839,2129,286.01
20368,2129,50.98
55679,2129,370.73
19147,1933,10.2
47283,7535,159.32
47438,7534,420
49062,7534,450
49064,7534,189.19
49088,7534,600
49101,7534,507.98
49141,7534,877.33
49345,7534,500
49400,7534,370.8
49405,7534,577.23
51147,7534,625
51511,7534,600
55603,7534,250
55883,7534,250
56022,7534,500
48681,7532,500
48684,7532,483.5
50253,7532,205
50464,7532,20
54173,7532,75
55483,7532,405
55772,7532,425
57139,7532,500
57189,7532,480
48644,7531,150
48685,7531,150
57175,7531,100
48306,7367,50
48860,7367,50
50704,7367,114.24
50706,7367,64
50718,7367,50
50721,7367,125.48
50731,7367,30.1
50736,7367,27
50741,7367,44.65
50745,7367,65.52
50908,7367,50
50909,7367,31.54
51031,7367,116.38
51146,7367,25
55590,7367,50
60827,7367,150
47164,7366,168.25
50266,7366,100
21277,2220,154.06
40280,6273,144.74
40284,6273,338.27
55762,6273,489.74
52537,6273,989.74
23845,2243,200
23876,2243,138.18
38195,2243,300
38528,2243,200
38531,2243,200
38533,2243,325.36
38899,2243,165.3
51419,2243,100
51632,2243,100
51637,2243,100
54153,2243,300
18309,1674,715.72
19887,1782,2611.24
44362,1782,50
25769,1653,482
35029,1653,225
51647,1653,199.45
19826,1653,241.8
22095,1653,915.69
46389,1653,470
53865,1653,500
18870,1653,5420.16
47197,1653,3620
30731,1653,336.47
51090,1653,100.89
27098,1653,2025.31
39351,1653,1559.25
55542,1653,3385
22086,2413,50
22087,2413,50
22088,2413,5
26107,3184,1250
26114,3184,1000
26120,3184,795
26128,3184,1485
26132,3184,1000
26133,3184,3500
26184,3184,1500
26205,3184,585.01
26290,3184,150
26328,3184,1129.33
52210,3184,750
52586,3184,1000
23693,2969,97
13347,1152,1000.01
48180,5474,250
48181,5474,750
16108,642,25.05
16697,642,50
16257,1701,100
42155,5507,985.74
54944,5507,150
38962,5776,140
38964,5776,136.34
38965,5776,150
38966,5776,91.93
38967,5776,119.49
38972,5776,131.96
38989,5776,130
44045,5776,130.55
45968,5776,185.45
45969,5776,140
46908,5776,131.63
38936,5776,380
38951,5776,309.82
38953,5776,180.42
38954,5776,260
38959,5776,70.85
38963,5776,232.49
39005,5776,380
40888,5776,206.4
40892,5776,284.77
45967,5776,195
37724,5776,17.58
51969,5776,261.12
38994,5776,344.01
38995,5776,380
39003,5776,159.19
39015,5776,291.45
39031,5776,68.17
39036,5776,212.11
39037,5776,280.88
40095,5776,380
41166,5776,128.61
41731,5776,386.08
47816,5776,233.51
49293,5776,373.73
37174,5628,250
37788,5725,23.95
37982,5725,129.28
10885,5784,209.52
34670,5784,10
36677,5784,11.15
55499,5784,100
24095,1579,329
41196,6445,990
26001,4878,6500
34014,4878,14253.62
44082,2533,389.34
43780,7375,1373.68
9138,560,55
32139,4525,264.06
35969,4525,2090.72
36551,4525,4735.13
32975,4684,3664.61
35908,4684,1120.55
35919,4684,707.93
36364,4684,375.42
36365,4684,72.23
36427,4684,681.59
36493,4684,227
36575,4684,989.95
43142,4684,266.87
50993,4684,462.67
35915,4684,203.89
35921,4684,1025
36002,4684,1050
36464,4684,229.23
45918,4684,970
35906,4684,557.44
36097,4684,473.24
36536,4684,50
36336,4684,386.28
36372,4684,257.47
36377,4684,950
36449,4684,126.38
46900,4684,255
36356,4684,982.2
36390,4684,121.73
36434,4684,1041
36440,4684,885.38
36565,4684,1041
36699,4684,593.93
51127,4684,500
37816,4684,148.95
51205,4684,217.2
37773,5397,800
38897,5397,330
23480,49,39.7
48346,49,481.51
34900,5413,353.84
38418,5413,475
38420,5413,490
22344,679,293.79
24073,679,545
24961,679,860
25041,679,1
25264,679,700
25323,679,1000
25544,679,1000
26449,679,1000
26459,679,1000
38197,679,500
34120,46,456.33
20081,46,3.67
13803,46,976.75
49044,1998,82.02
39409,6290,100.99
41353,6290,100
21237,2266,18
35295,2266,50
41817,2266,1.82
18530,1081,657.61
6996,238,2
19345,238,125
20243,238,65.65
25905,238,50
26390,238,25
30280,238,146.77
40337,238,65
44303,238,292.87
51949,238,50
24453,238,75
7965,238,75
7997,238,75
8139,238,75
8243,238,40
11348,238,25
11722,238,50
16799,238,60
16845,238,75
16976,238,125
17408,238,125
17738,238,50
18262,238,75
23859,238,75
24026,238,75
24886,238,125
24933,238,50
26108,238,75
27335,238,75
27606,238,75
27687,238,75
28148,238,75
28494,238,125
32350,238,125
32351,238,125
32524,238,125
38106,238,75
16996,1733,1296.56
30389,1733,1170.41
35016,1733,15
37217,1733,4803
48480,1733,690.3
59104,1733,446
35054,1733,200
36718,1733,469.61
22428,3157,100
39310,2277,670.13
39373,5575,320.48
54239,7928,500
54241,7928,450
54396,7928,500
54723,7928,450
41736,6528,537.2
22481,2490,631.05
23639,2490,90.95
30948,2490,500
29246,2490,280.65
52027,2490,250
29335,1008,231.2
30742,1008,59.49
31174,1008,80
35724,1008,90
43874,1008,95
49414,1008,50
16092,709,8363.56
17935,709,100
20669,709,100
25317,709,51
4480,5859,100.55
11882,5859,50
20087,5859,50
20894,5859,2610
23318,5859,50
28243,5859,50
33718,5859,50
39263,5859,49.61
40272,5859,222.61
40690,5859,31.11
43304,5859,41.75
45753,5859,9.58
47350,5859,7.02
47351,5859,223.11
47357,5859,26.93
48132,5859,52.27
51366,5859,50
54320,5859,150
22467,2476,212
21694,2424,300
45751,2424,29.91
46530,2424,32.41
48845,2424,42.89
23016,2424,312.3
36994,2424,500
38562,2424,200
37162,2424,37
43918,2424,43.25
45953,2424,400
48839,2424,40.06
21285,2424,1455.18
44618,2424,189.25
51788,2424,50
52368,2424,50
30104,647,20
52793,3,50
28854,775,25
27426,3441,3
17404,97,71.1
17505,97,5
19026,97,7
23243,97,1
23245,97,150.95
24605,97,25
27499,97,2
30746,97,2
50954,97,10
30591,97,4
46240,97,5
46428,97,200
10888,1273,0.25
36347,929,7
35230,5308,106
35281,5308,146.24
37829,5308,300
36249,5308,142.18
36288,5308,330
44039,5308,300
26706,7617,60
16048,109,85
17114,109,42.25
21539,109,90
25785,109,27.66
26702,109,547
16045,109,290
16288,109,885
24125,109,110
26608,109,275
40067,109,685
40068,109,800
40102,109,800
26857,109,100
26861,109,100
26943,109,100
26960,109,92.91
26379,818,169.13
11533,818,50
35762,7568,300
38045,7568,321.31
41847,7568,250
36897,7568,1000
23591,1483,71
38047,1483,150
48862,1480,100
23005,1136,100
23939,1136,100
31016,1136,100
26188,1136,100
14860,250,100
25013,250,15
28588,250,90
28829,250,250
28853,250,250
23230,250,190
32102,250,110
36387,250,250
36389,250,235
36521,250,210
36522,250,220
36931,250,225
36932,250,250
36933,250,250
36990,4170,0.01
37936,4170,0.01
39104,4170,0.01
34436,1542,198
55410,123,350
55413,123,150
55422,123,100
55484,123,150
55540,123,50
32608,123,270
20508,123,190.22
16842,123,100
27361,123,40
27416,123,100
6745,95,470
28172,95,155
37526,95,203
40745,95,3
20720,3657,0.86
22596,3657,13.8
31442,3657,135.51
35405,3657,201.58
10707,1906,157.22
48525,1906,67.78
12965,1375,480
38574,1375,295.05
38710,1375,171.2
47727,1375,170
22129,270,221.63
33868,270,231
25014,3151,120
25157,3022,1658.62
28757,3133,495
25555,3101,1810.34
40920,873,25
19767,851,103.59
37749,851,150
37960,851,102.99
50657,851,200
11351,850,153.93
11357,850,275.2
38683,850,300
39461,850,11.1
42390,850,80
48283,850,125.96
49001,850,190
43048,6740,50
43353,6740,68.22
43361,6740,125.04
43805,6740,121.67
52430,6740,90
39832,5875,175
39833,5875,120
43151,5875,95
44875,5875,80
45404,5875,35
49030,5875,45
49125,5875,100
50020,5875,70
55376,5875,55
55384,5875,100
28920,8299,38.2
37991,7721,0.14
28267,3432,570.69
28269,3432,40
30951,2206,200
51140,1340,25
18465,1800,100
18473,1800,90
43066,1800,100
43143,1800,75
45825,1800,100
45920,1800,100
45936,1800,200
46250,1800,99.99
47223,1800,100
48799,1800,100
54272,1800,100
54278,1800,100
57611,1800,100
57635,1800,100
57675,1800,100
58641,1800,190
52286,1800,20
33427,4750,35
44535,6965,4069.61
60231,6965,100
60232,6965,100
60236,6965,100
60321,6965,100
60393,6965,100
60437,6965,100
60439,6965,100
60449,6965,100
60465,6965,100
60536,6965,100
49614,6965,83.91
55160,6965,45
47403,6965,100
47427,6965,64.18
51686,6965,200
16729,6619,147.19
21348,6619,155
21349,6619,149.99
35093,6619,100
47177,6619,100
31151,6619,453.13
34422,6619,4.3
57483,8593,60
60899,8593,15
48374,7610,181.28
54429,7610,16.68
40723,6305,1326.92
46238,6305,340.46
46239,6305,350
46295,6305,350
46298,6305,350
46422,6305,350
46423,6305,338.62
46299,6305,350
51397,6305,215.17
51398,6305,250
40260,181,100
40565,181,119.7
55132,6849,500
55140,6849,500
55151,6849,944
55559,6849,500
26747,3168,93.7
42877,3168,270
40456,5564,903.94
35019,5242,210.17
30206,4026,10
30257,4026,75
38105,4026,25
38123,4026,40
44205,4026,100
46442,4026,50
46448,4026,31.74
46458,4026,25
46467,4026,100
46494,4026,100
48578,4026,100
33860,4026,94.65
33889,4026,3.36
27409,3543,6.2
29196,3354,11.5
33301,3354,1207.75
42421,3354,1355
23546,1841,224.89
46256,6983,500
25288,2470,1155
25092,5615,0.96
26956,3315,2908
46202,3315,3000
46259,3315,3000
54979,1690,1500
23307,2604,2
39424,4605,1034.62
31507,4426,229.3
33316,4426,0.11
52532,4426,467.33
30409,3942,0.06
30585,3942,15.86
32515,3942,147.83
40615,3942,11.56
40616,3942,44.37
41527,3942,77.74
43853,3942,120
44811,3942,233.76
45050,3942,47.97
45051,3942,92.58
45221,3942,28.58
45662,3942,63.91
46394,3942,505.95
46443,3942,5
47241,3942,13.05
47242,3942,40
47243,3942,160.82
48764,3942,99.35
52241,3942,61.46
52902,3942,151.19
52903,3942,20
52906,3942,115
54896,3942,80
55072,3942,50
55331,3942,50
56223,3942,100
31965,3942,100
54608,3942,100
30906,3942,664.68
11045,830,456.57
22987,830,383.4
51556,830,184.61
49330,5101,7108.23
52061,5101,1100
33658,4815,304
37690,4815,220
41171,4815,390
41596,4815,260
42782,4815,200
42825,4815,350
42991,4815,200
43119,4815,200
43176,4815,200
43336,4815,200
44043,4815,210
37446,4815,23.95
43371,4815,200
45023,4815,170.47
44335,4815,33600
52503,4815,3829.34
24442,1823,34.72
27255,1823,57.24
23756,745,433.51
48714,745,417.93
9846,482,3742.95
37036,482,1327.55
40308,482,860.21
43897,482,2082.85
49814,482,981.62
33020,482,3.82
50270,482,188.66
17668,1741,40.12
36368,1741,508.16
37086,1741,315
37422,1741,405.72
44246,1741,193.54
43696,1741,25
39702,2623,20.33
21762,1297,100
19030,725,200
10392,683,39.55
19029,683,100
23753,683,100
31601,683,275
47647,683,80
10922,683,514.89
15158,683,930
15166,683,5
17177,683,30
46536,683,100
6342,1013,56.9
12380,1013,50
5644,100,260.3
42889,6696,300
42890,6696,197.48
42900,6696,238.11
42919,6696,10.94
42925,6696,37.3
42951,6696,25.81
43908,6696,345.6
44555,6696,319.35
45726,6696,188.98
48832,6696,290.82
45834,6696,300
46156,6696,50
40852,6289,1248.1
41103,6289,68.5
44431,6289,329.27
48232,6289,479.71
37354,5683,87.46
37552,5683,204.35
49585,5683,286.84
52261,5683,475
37925,5683,504.62
39290,5683,829.89
39854,6151,1.59
52136,6151,380.98
53117,6151,81.85
36331,5426,100
48592,5426,272.38
23660,2702,23.87
34053,2702,238.54
24006,2702,289.15
34052,2702,165.74
42779,2702,147.69
49022,2702,15.05
45337,2702,150
38564,5877,300
39200,5877,1037.83
43784,5877,95.78
44776,5877,200
25447,3091,90
49559,3091,5
44919,6790,2205.49
11082,819,1112.27
44127,819,478.32
55346,819,712.9
53585,6805,180.68
24468,1836,193.4
29060,1836,150
29064,1836,150
29095,1836,150
29168,1836,56.03
30115,1836,150
18382,1836,150
25158,970,900
39138,1910,100
39014,6118,2282.92
32702,4105,302.97
33069,4105,181.29
41262,7654,692.04
47204,6453,1968.09
41292,6453,1000
32783,4625,3.7
24783,2968,58.56
23404,783,500
26002,783,500
31582,783,500
31665,783,500
31666,783,500
31667,783,500
35555,783,500
35559,783,500
35561,783,500
35563,783,500
35634,783,1000
36187,783,500
36539,783,500
36543,783,500
10702,783,13.02
36616,5521,375.56
36634,5521,327.41
36637,5521,403.97
36651,5521,540
36730,5521,462.17
36329,5521,43.8
36330,5521,245.89
42709,6032,0.01
4176,32,0.1
6855,32,5
7272,32,5
8726,32,10
9025,32,5
9397,32,5
9458,32,26
9616,32,70
9790,32,18
15492,32,25
15968,32,0.02
16489,32,25
17460,32,25
4289,32,25
16495,32,0.01
16751,32,25
33327,4812,39.82
33633,4812,134.53
48348,4812,158.53
25934,3862,161.35
26106,3862,33.39
29273,3862,75
25196,4679,9.59
14313,1336,5
44599,6979,300
41236,6451,500.02
41482,6451,88.04
44630,6451,300
39650,6095,73.06
30710,4227,269.32
33522,4227,220.99
21667,2321,495.96
21996,2321,130
22068,2321,100
48646,8678,134.93
26227,3116,662.48
14818,1305,21.92
49534,7350,300
49539,7350,300
35496,5285,7.44
37420,5285,30
41121,2436,8.73
30725,5821,120
31067,5821,2
30137,4281,100
32587,4142,195.68
32736,4142,120.03
30132,4142,100
32576,4142,175
33246,4142,165
33665,4142,250
32550,4142,200
32559,4142,1.36
32568,4142,100
33072,4142,200
33074,4142,75
33297,4142,200
42567,6640,1
40094,6055,250
40443,6055,300
41506,6055,300
41507,6055,300
41515,6055,300
41534,6055,300
47733,6055,65
25813,3238,335
25827,3238,450
25828,3238,650
26503,3238,640
27037,3238,345
28237,3238,495
29379,3238,550
35662,3238,450
36889,3238,325
36891,3238,450
37070,3238,775
39459,3238,450
39476,3238,315
40096,3238,700
42386,3238,425
44825,3238,575
44826,3238,450
51595,3238,465
25326,3137,226.72
25825,3137,4642.66
52625,3137,2825
57769,3137,1000
38924,3137,6313.12
50967,3137,1600
42632,6562,24
22427,2414,162
25690,2414,2648.96
37571,2414,500
42749,2414,304.56
35130,5341,275
35416,5341,4160.52
36079,4942,656.33
38027,4942,96.38
40637,4942,334
47639,4942,169.31
48021,4942,385.14
48036,4942,80
36155,5424,942.37
42003,5424,953.05
38886,5424,960.01
43821,5424,472.94
43854,5424,469.93
44059,5424,500
44061,5424,500
44062,5424,470.1
44063,5424,394.61
44065,5424,500
49265,5424,500
37813,3271,14.6
51309,8506,350
52665,8506,945
24430,6521,13.58
24431,6521,50
26124,6521,50
26644,6521,50
35237,6521,39.42
43083,6521,50
29203,518,1675
29260,518,675
29262,518,1400
30854,518,15
8842,353,6021.23
50813,7915,500
37091,3522,150
37092,3522,150
37093,3522,125
24698,8020,56.17
26571,2802,150
29189,1844,0.05
39561,5595,1780.95
44735,5595,1000
47413,5595,1000
47419,5595,1261.67
15944,1485,1227
18940,1485,230.86
19514,1485,925
49673,1485,260
56307,5516,750
56315,5516,750
56321,5516,750
56322,5516,750
56323,5516,750
56334,5516,750
56354,5516,750
56356,5516,750
56369,5516,750
56388,5516,750
26262,2617,201.7
46191,7098,408.84
46290,7098,500
55019,7098,500
46193,7098,500
46206,7098,485
48109,7098,387.49
60585,7098,2000
46195,7098,500
46213,7098,470
46244,7098,442.58
46965,7098,255
47821,7098,485
11925,400,956.64
36865,400,272.37
38206,400,498.19
45973,400,23.32
19398,6110,300
49023,6110,300
49846,6110,300
49052,6110,11.24
27823,6109,850
43777,6109,300
52145,6109,125
27824,6109,219.53
28529,6109,373.08
24548,6108,225
49299,6108,350
26168,4937,109.02
27691,4937,459.19
31816,4937,282.52
35030,4937,100
40153,4937,0.02
19637,4937,969.77
52390,4937,300
59506,4937,300
53059,3858,300
51488,3779,188.63
54835,3779,300
19126,3481,4775
33831,5585,54
39110,1662,268
43327,1587,94.5
50341,7684,250
50353,7684,500
51208,7682,600
50578,7506,431.58
50272,7506,468.86
50283,7506,178.18
50342,7506,555.12
50343,7506,500
50273,7506,380
50350,7506,480
50351,7506,470
51958,7506,465
50468,7506,270
50281,7506,407.65
51209,7506,600
33122,1539,515
51677,6608,100
48151,6596,100
39974,6192,90
41717,6590,29.75
55319,6590,185
43723,6590,376.28
51115,6897,1650
51116,6897,600
51118,6897,750
51280,6897,1700
51281,6897,250
51282,6897,500
51283,6897,450
51284,6897,300
51285,6897,500
51286,6897,100
51289,6897,850
11541,711,198.64
12090,700,100
40961,5977,205
19104,2331,325
31068,2331,95.1
32197,2331,400
37474,2331,80
29934,4015,8.97
38796,3041,5054.94
39580,3041,232.91
24338,2992,40
33211,2992,0.19
27117,2992,25.68
13077,5569,224.48
30195,1611,60.42
39097,1107,81.17
27790,3531,16.59
31578,3531,186.5
37771,3531,580
60300,8696,50
32556,2378,0.1
21737,2378,0.31
49122,7601,910.79
55029,7601,500
41192,6246,400
41195,6246,597
41200,6246,365
41201,6246,365
41209,6246,475
41216,6246,350
41217,6246,601.03
41218,6246,139
41219,6246,500
41223,6246,350
41225,6246,555
41226,6246,550
41227,6246,650
41252,6246,500
41264,6246,258.93
41340,6246,409.05
41358,6246,470
41591,6246,543.05
41896,6246,375
43356,6246,300
43497,6246,3
43594,6246,540
43631,6246,500
43981,6246,500
47443,6246,40
47947,6246,21.49
48562,6246,260
48867,6246,458.61
48955,6246,110
49102,6246,359.29
49840,6246,100.83
49908,6246,25
51985,6246,500
52282,6246,245
52732,6246,500
55193,6246,500
7747,1341,2543.63
8014,1341,2074.83
16049,1341,1797.02
23411,1341,2573.06
24735,1341,2734.08
27042,1341,3448.43
44014,1341,1379
46718,1341,651.07
49106,1341,2250
51300,1341,761.21
16899,1341,540.05
26963,1341,10
9051,1341,408.71
10437,7733,49.46
23439,2634,315